image_name,x,y
ILSVRC2012_test_00054243.JPEG,6.87647048768,-10.0204745624
ILSVRC2012_test_00083628.JPEG,-11.2717984151,7.59019370061
ILSVRC2012_test_00069610.JPEG,-9.82899675368,7.94366505581
ILSVRC2012_test_00085350.JPEG,-2.066500653,-13.5348841142
ILSVRC2012_test_00087561.JPEG,-1.84647991439,0.344761485378
ILSVRC2012_test_00085055.JPEG,3.6928580144,2.38832644321
ILSVRC2012_test_00020498.JPEG,-2.43954290346,20.6109208663
ILSVRC2012_test_00024299.JPEG,-3.01579235093,2.92115509901
ILSVRC2012_test_00048912.JPEG,2.94361858259,14.171174339
ILSVRC2012_test_00057223.JPEG,12.860656125,-6.69519064193
ILSVRC2012_test_00026702.JPEG,-9.00499937805,-1.92859823708
ILSVRC2012_test_00018991.JPEG,9.62232044874,-8.25498359916
ILSVRC2012_test_00004386.JPEG,15.5928864954,-6.91410693356
ILSVRC2012_test_00090061.JPEG,7.64021191226,-11.8402395104
ILSVRC2012_test_00097900.JPEG,9.62843218561,8.77247178988
ILSVRC2012_test_00079039.JPEG,9.54322474816,-9.29877558863
ILSVRC2012_test_00033274.JPEG,-2.8100126791,-7.61489789517
ILSVRC2012_test_00001003.JPEG,6.03671531414,4.56405731672
ILSVRC2012_test_00029769.JPEG,-2.51856596675,-4.76089258334
ILSVRC2012_test_00099722.JPEG,2.21617693587,-15.4297189412
ILSVRC2012_test_00077353.JPEG,3.86205522661,11.5635697282
ILSVRC2012_test_00075029.JPEG,-9.61735059304,-14.8364692471
ILSVRC2012_test_00042693.JPEG,-15.5269306065,-5.78496879053
ILSVRC2012_test_00073472.JPEG,-18.8080705541,-4.5460721082
ILSVRC2012_test_00014507.JPEG,-14.6162126882,-4.00571597519
ILSVRC2012_test_00032970.JPEG,-5.41033887974,-5.46682283187
ILSVRC2012_test_00085757.JPEG,2.18032238262,-6.0848873886
ILSVRC2012_test_00014983.JPEG,9.70389770952,12.0317048867
ILSVRC2012_test_00067663.JPEG,1.60084982209,-6.93898909863
ILSVRC2012_test_00015090.JPEG,-1.24635216617,8.57532193225
ILSVRC2012_test_00005739.JPEG,2.74196080448,-12.1621539273
ILSVRC2012_test_00074890.JPEG,-0.0283863901265,-10.2205897388
ILSVRC2012_test_00085981.JPEG,3.79188608889,-17.0460564208
ILSVRC2012_test_00094450.JPEG,-3.06087537087,-12.2085372777
ILSVRC2012_test_00097454.JPEG,-0.241798194575,3.62341958303
ILSVRC2012_test_00061751.JPEG,8.03908086127,8.945877214
ILSVRC2012_test_00035503.JPEG,7.99488300617,2.59562477907
ILSVRC2012_test_00092659.JPEG,2.3488076167,-3.34170156161
ILSVRC2012_test_00075774.JPEG,-1.03014248312,-5.86453127873
ILSVRC2012_test_00089767.JPEG,4.46932468863,15.6734374288
ILSVRC2012_test_00086416.JPEG,6.60155160792,10.9388890223
ILSVRC2012_test_00049180.JPEG,7.79442007997,5.4286851045
ILSVRC2012_test_00024479.JPEG,-2.62038259516,-4.39731205257
ILSVRC2012_test_00029237.JPEG,-16.9504693657,-1.65537799408
ILSVRC2012_test_00096243.JPEG,0.794482075115,6.2077094487
ILSVRC2012_test_00029809.JPEG,8.14980246372,4.12479491564
ILSVRC2012_test_00093032.JPEG,-13.3676573896,0.407268674642
ILSVRC2012_test_00056484.JPEG,0.092756738099,-1.28279734051
ILSVRC2012_test_00001329.JPEG,-6.17715516104,-6.6109822508
ILSVRC2012_test_00046620.JPEG,-2.73930467786,12.6234250451
ILSVRC2012_test_00087708.JPEG,-18.7898345895,-4.54990048974
ILSVRC2012_test_00068333.JPEG,-16.2809172892,1.19355855788
ILSVRC2012_test_00003340.JPEG,0.730023079363,11.7001952812
ILSVRC2012_test_00006948.JPEG,-15.7305343794,1.56165115219
ILSVRC2012_test_00048341.JPEG,-2.13318224275,-16.0892499376
ILSVRC2012_test_00082968.JPEG,13.8738241965,3.76810715085
ILSVRC2012_test_00042043.JPEG,5.35441679363,-2.12759081878
ILSVRC2012_test_00003351.JPEG,12.1889505907,6.00234724331
ILSVRC2012_test_00007891.JPEG,-17.000216111,-1.526016393
ILSVRC2012_test_00075440.JPEG,6.37887807659,1.38904987792
ILSVRC2012_test_00027970.JPEG,-15.9301633346,-2.45979466708
ILSVRC2012_test_00051898.JPEG,11.3912814052,-11.1951683909
ILSVRC2012_test_00068448.JPEG,7.37479653205,4.82602747883
ILSVRC2012_test_00097255.JPEG,-1.48642685859,-17.9173516833
ILSVRC2012_test_00064877.JPEG,-3.42569325956,-16.0505168059
ILSVRC2012_test_00056798.JPEG,9.23346413154,2.69812360835
ILSVRC2012_test_00099864.JPEG,-8.37068102163,-0.529416867662
ILSVRC2012_test_00076035.JPEG,6.054459576,-8.78948998522
ILSVRC2012_test_00050954.JPEG,3.65342374967,-0.419194865471
ILSVRC2012_test_00018920.JPEG,-0.390050463545,14.6556850378
ILSVRC2012_test_00045901.JPEG,-2.61378782625,11.4709323939
ILSVRC2012_test_00052601.JPEG,10.3721262481,-1.00847109362
ILSVRC2012_test_00099683.JPEG,-16.0846046239,1.68431083428
ILSVRC2012_test_00038231.JPEG,11.6746547966,12.0091448473
ILSVRC2012_test_00092717.JPEG,4.37788875959,6.76239374863
ILSVRC2012_test_00076079.JPEG,-0.521108356752,-2.35393458387
ILSVRC2012_test_00078032.JPEG,0.670802712016,9.86986277546
ILSVRC2012_test_00060750.JPEG,-9.69621292981,3.08633896997
ILSVRC2012_test_00037436.JPEG,-7.28156258929,18.3465518826
ILSVRC2012_test_00096593.JPEG,0.0674201129976,-16.682212682
ILSVRC2012_test_00098299.JPEG,-5.40894192543,-16.3225969531
ILSVRC2012_test_00047062.JPEG,9.60480209643,10.8851420928
ILSVRC2012_test_00089228.JPEG,13.3198067089,-1.53658047112
ILSVRC2012_test_00002634.JPEG,12.4339812095,-9.75685555383
ILSVRC2012_test_00046126.JPEG,-6.70000526322,10.8444525346
ILSVRC2012_test_00051664.JPEG,10.7493580089,-7.46277509344
ILSVRC2012_test_00023210.JPEG,1.43554839384,3.30946025528
ILSVRC2012_test_00065056.JPEG,6.41994902593,6.87111331397
ILSVRC2012_test_00065748.JPEG,1.9278341825,-6.21048476152
ILSVRC2012_test_00090438.JPEG,-1.88741760509,-6.20173677122
ILSVRC2012_test_00089986.JPEG,-0.894372729912,-9.13816125502
ILSVRC2012_test_00089040.JPEG,-1.58329506336,-7.02040203907
ILSVRC2012_test_00098941.JPEG,4.36726859742,-2.17849016196
ILSVRC2012_test_00086976.JPEG,10.825280254,-9.42633477599
ILSVRC2012_test_00005121.JPEG,6.24739673954,2.70926667731
ILSVRC2012_test_00010239.JPEG,-1.8218063307,-2.93713369946
ILSVRC2012_test_00003531.JPEG,-4.82463431691,3.56957268746
ILSVRC2012_test_00000273.JPEG,-9.74918363047,-8.52385597423
ILSVRC2012_test_00079501.JPEG,1.55283722698,3.20239768164
ILSVRC2012_test_00025870.JPEG,-8.60485487625,-3.799532055
ILSVRC2012_test_00071605.JPEG,-13.9951300242,0.924780049005
ILSVRC2012_test_00056365.JPEG,-5.90153835945,-3.8584408421
ILSVRC2012_test_00082550.JPEG,3.72428774594,-4.98901593781
ILSVRC2012_test_00053086.JPEG,-5.96876925654,0.782908095393
ILSVRC2012_test_00069474.JPEG,0.446386315803,-7.452827041
ILSVRC2012_test_00065935.JPEG,13.2043576228,-11.7234653777
ILSVRC2012_test_00007002.JPEG,2.33433585876,-7.9382849723
ILSVRC2012_test_00033712.JPEG,-3.92362380664,-12.7482286167
ILSVRC2012_test_00015433.JPEG,-4.3668753436,-8.99782984923
ILSVRC2012_test_00071752.JPEG,5.73166161969,16.5454807974
ILSVRC2012_test_00088219.JPEG,3.46659848545,-0.212501425978
ILSVRC2012_test_00068161.JPEG,-3.73322051648,-20.7912114663
ILSVRC2012_test_00010112.JPEG,9.67462042514,-3.89343003422
ILSVRC2012_test_00026088.JPEG,-3.17614376185,-15.9076502961
ILSVRC2012_test_00050980.JPEG,3.59040927228,13.4865890544
ILSVRC2012_test_00049333.JPEG,3.19323208266,-0.359956769955
ILSVRC2012_test_00096160.JPEG,11.3973473167,-5.40487994614
ILSVRC2012_test_00008096.JPEG,-0.311783104413,13.7281370161
ILSVRC2012_test_00048737.JPEG,-12.0322491979,0.862909698455
ILSVRC2012_test_00086292.JPEG,-7.95961291791,2.52787427243
ILSVRC2012_test_00067202.JPEG,8.6139912519,-5.92464876623
ILSVRC2012_test_00030828.JPEG,0.086804418771,11.1851881451
ILSVRC2012_test_00067469.JPEG,3.8838941705,2.34746505578
ILSVRC2012_test_00058026.JPEG,-1.58590103363,-0.532673968113
ILSVRC2012_test_00025338.JPEG,-7.82684510224,-10.70203614
ILSVRC2012_test_00093774.JPEG,0.293733999718,4.78100129018
ILSVRC2012_test_00034848.JPEG,2.17453609095,-12.9648662598
ILSVRC2012_test_00010254.JPEG,-15.5690825951,-5.81089260158
ILSVRC2012_test_00053730.JPEG,2.04629034957,0.711528698109
ILSVRC2012_test_00044187.JPEG,-7.63600193474,-10.593669464
ILSVRC2012_test_00077641.JPEG,9.79561577255,-8.14926758872
ILSVRC2012_test_00004156.JPEG,3.29185387347,0.502599972566
ILSVRC2012_test_00025236.JPEG,5.18160970214,4.3081771227
ILSVRC2012_test_00077452.JPEG,-5.72775972941,10.3395658699
ILSVRC2012_test_00077020.JPEG,4.78460818339,-3.11672440363
ILSVRC2012_test_00066451.JPEG,4.56866713881,1.08500256179
ILSVRC2012_test_00077393.JPEG,-3.99492870933,14.0038414611
ILSVRC2012_test_00091916.JPEG,-0.931737298354,16.3300858753
ILSVRC2012_test_00001771.JPEG,0.0520243542056,4.55401656783
ILSVRC2012_test_00070857.JPEG,-14.2537770099,1.14921932954
ILSVRC2012_test_00075519.JPEG,3.01236689225,11.6265600249
ILSVRC2012_test_00056641.JPEG,-2.67095752717,-14.6004452415
ILSVRC2012_test_00058565.JPEG,-16.093411672,1.49863099539
ILSVRC2012_test_00053044.JPEG,-12.676737184,4.73829464655
ILSVRC2012_test_00089431.JPEG,6.1168534596,-4.32151008123
ILSVRC2012_test_00009813.JPEG,-8.01783889756,-18.2062595653
ILSVRC2012_test_00062061.JPEG,0.558417955922,-3.19908077665
ILSVRC2012_test_00012270.JPEG,-2.40961571328,20.5462117645
ILSVRC2012_test_00091059.JPEG,3.31522364668,9.98303733313
ILSVRC2012_test_00090751.JPEG,-15.6124750544,-5.38908368325
ILSVRC2012_test_00040531.JPEG,9.80823151429,13.7108908153
ILSVRC2012_test_00094769.JPEG,0.740800705639,-8.46267745687
ILSVRC2012_test_00080172.JPEG,0.157983754524,-4.44277316804
ILSVRC2012_test_00032827.JPEG,4.37738003376,-12.7180347479
ILSVRC2012_test_00013779.JPEG,-5.31457916291,-5.30300246422
ILSVRC2012_test_00084711.JPEG,5.25255082583,-12.8952893236
ILSVRC2012_test_00048099.JPEG,-8.45491889418,11.8679085527
ILSVRC2012_test_00017519.JPEG,7.97081249583,-9.90008852042
ILSVRC2012_test_00088358.JPEG,-11.4034831809,-12.6571572763
ILSVRC2012_test_00072491.JPEG,7.53571871339,-14.1572771556
ILSVRC2012_test_00059800.JPEG,-2.81374990917,-12.3227092267
ILSVRC2012_test_00035473.JPEG,-11.1377824708,-4.71184046731
ILSVRC2012_test_00048434.JPEG,-0.647137579643,-14.8681831233
ILSVRC2012_test_00041640.JPEG,-2.78301685573,11.9570341449
ILSVRC2012_test_00044893.JPEG,1.71817398131,-9.63778633263
ILSVRC2012_test_00096369.JPEG,1.38240814748,6.56157686297
ILSVRC2012_test_00035760.JPEG,5.01553035823,5.77596254202
ILSVRC2012_test_00043858.JPEG,5.47784699338,-12.6288530446
ILSVRC2012_test_00068823.JPEG,-3.58612980269,17.4785274358
ILSVRC2012_test_00097795.JPEG,6.71214080897,12.344840139
ILSVRC2012_test_00051468.JPEG,3.27478662908,9.7677317303
ILSVRC2012_test_00018442.JPEG,-4.47049816634,17.901682823
ILSVRC2012_test_00049224.JPEG,-14.7676034094,-4.19224056569
ILSVRC2012_test_00032386.JPEG,-3.61093176123,-7.03152213603
ILSVRC2012_test_00037869.JPEG,-8.82044077807,-12.1040744325
ILSVRC2012_test_00068567.JPEG,5.95031660334,-3.93047573376
ILSVRC2012_test_00034971.JPEG,1.45625478912,10.8676859719
ILSVRC2012_test_00093469.JPEG,7.69006701362,-1.22065220867
ILSVRC2012_test_00074055.JPEG,-9.21182106581,-5.93246574766
ILSVRC2012_test_00059526.JPEG,15.6701625193,-9.63731082174
ILSVRC2012_test_00012587.JPEG,1.46310331541,0.341392461728
ILSVRC2012_test_00069514.JPEG,1.22065311785,-3.22977104915
ILSVRC2012_test_00054911.JPEG,8.94411174453,9.75380216795
ILSVRC2012_test_00005208.JPEG,3.0626272063,11.6710186076
ILSVRC2012_test_00027546.JPEG,-3.23051710353,13.8063713151
ILSVRC2012_test_00083663.JPEG,-13.0299343137,-1.8729710537
ILSVRC2012_test_00011249.JPEG,-1.0992232051,15.6344278065
ILSVRC2012_test_00052615.JPEG,3.5123287205,-6.28238175915
ILSVRC2012_test_00072385.JPEG,-5.36281286325,5.33537470321
ILSVRC2012_test_00093273.JPEG,7.78700593946,11.7205257889
ILSVRC2012_test_00053388.JPEG,-15.1927186403,4.65508149798
ILSVRC2012_test_00081693.JPEG,-0.102959985219,12.9978588688
ILSVRC2012_test_00018247.JPEG,8.06708775904,5.85139857792
ILSVRC2012_test_00095375.JPEG,1.39801934371,-4.97444185122
ILSVRC2012_test_00059613.JPEG,5.5991023797,-11.5788244797
ILSVRC2012_test_00061022.JPEG,-3.40989862786,-16.7516292099
ILSVRC2012_test_00043179.JPEG,-7.29407936161,18.3489247053
ILSVRC2012_test_00099440.JPEG,-1.34986701356,1.9011486999
ILSVRC2012_test_00099378.JPEG,-6.21153139006,-0.642092362425
ILSVRC2012_test_00059642.JPEG,5.34133067203,-1.66494224397
ILSVRC2012_test_00008010.JPEG,3.44634887631,-7.08545230165
ILSVRC2012_test_00067437.JPEG,8.44444648622,10.1272712311
ILSVRC2012_test_00010117.JPEG,-1.0365540026,-10.2186569041
ILSVRC2012_test_00008245.JPEG,-1.81257633314,-10.0906746247
ILSVRC2012_test_00006518.JPEG,10.9744326771,-1.68044590554
ILSVRC2012_test_00033948.JPEG,10.9009159431,2.59934795437
ILSVRC2012_test_00089042.JPEG,2.50726577902,-0.765846356372
ILSVRC2012_test_00000963.JPEG,-1.42099021221,8.19732079266
ILSVRC2012_test_00032468.JPEG,-3.04265248484,15.5957967286
ILSVRC2012_test_00042679.JPEG,-8.85038115662,-5.78695661827
ILSVRC2012_test_00047692.JPEG,13.4530403191,-11.6755400473
ILSVRC2012_test_00099564.JPEG,9.1994192051,-3.31316491205
ILSVRC2012_test_00094899.JPEG,13.2800277789,-3.89723618673
ILSVRC2012_test_00024326.JPEG,-15.4168834076,-2.18996555632
ILSVRC2012_test_00036667.JPEG,-0.486333875326,-5.5957975276
ILSVRC2012_test_00097653.JPEG,-18.6995939718,-4.40297893445
ILSVRC2012_test_00001404.JPEG,8.17783696447,16.9859648851
ILSVRC2012_test_00089674.JPEG,-0.185763010988,20.5256754182
ILSVRC2012_test_00046491.JPEG,-2.17796238788,-13.4658967598
ILSVRC2012_test_00097336.JPEG,-2.01615982087,12.2807001935
ILSVRC2012_test_00070668.JPEG,15.5045545999,-6.96141827696
ILSVRC2012_test_00059066.JPEG,-10.0878162341,9.16380929122
ILSVRC2012_test_00048284.JPEG,4.61201532975,1.84579023116
ILSVRC2012_test_00021324.JPEG,-13.331890008,-1.60237250494
ILSVRC2012_test_00054615.JPEG,1.77242971978,-15.9887382223
ILSVRC2012_test_00008387.JPEG,-4.10478378328,0.304169420434
ILSVRC2012_test_00087962.JPEG,3.77606186736,-8.8590046035
ILSVRC2012_test_00094376.JPEG,0.53174237405,-5.44585604434
ILSVRC2012_test_00071982.JPEG,7.20349940903,-8.41786377666
ILSVRC2012_test_00026698.JPEG,1.39534836105,6.47682014175
ILSVRC2012_test_00054806.JPEG,7.48707551767,-8.34804101087
ILSVRC2012_test_00082188.JPEG,-4.15417684255,1.86998175823
ILSVRC2012_test_00049116.JPEG,6.53306552743,-2.47000456332
ILSVRC2012_test_00016853.JPEG,-1.82357354535,-5.68030853473
ILSVRC2012_test_00031544.JPEG,-8.85445149253,-8.40123809521
ILSVRC2012_test_00021027.JPEG,4.13094187282,-5.91999567711
ILSVRC2012_test_00067088.JPEG,-10.5782235917,-6.01272316048
ILSVRC2012_test_00036634.JPEG,1.11584893872,-5.69564787305
ILSVRC2012_test_00017119.JPEG,-5.92569288232,-11.776660255
ILSVRC2012_test_00005383.JPEG,-2.78197803246,-8.11636729854
ILSVRC2012_test_00041351.JPEG,1.4701711389,-1.41189014831
ILSVRC2012_test_00028786.JPEG,8.18905147793,1.27379948259
ILSVRC2012_test_00083465.JPEG,-1.76175506924,19.694552992
ILSVRC2012_test_00043155.JPEG,11.0085498484,1.05446657404
ILSVRC2012_test_00086239.JPEG,-9.7766214697,-3.93827382056
ILSVRC2012_test_00016723.JPEG,4.98059437324,-8.35644183365
ILSVRC2012_test_00058291.JPEG,-13.4592355268,-7.11650125295
ILSVRC2012_test_00019461.JPEG,-6.11338233903,9.57948998908
ILSVRC2012_test_00024830.JPEG,10.5495862254,-13.7254426075
ILSVRC2012_test_00056807.JPEG,-0.948991200815,-9.2898890602
ILSVRC2012_test_00050858.JPEG,8.41993589449,13.0314006263
ILSVRC2012_test_00027653.JPEG,0.65178646886,-2.38302564029
ILSVRC2012_test_00003519.JPEG,-9.20742285112,5.70183607675
ILSVRC2012_test_00062550.JPEG,-1.19878101344,2.35241327527
ILSVRC2012_test_00083660.JPEG,-0.681960295165,-3.23231945176
ILSVRC2012_test_00055627.JPEG,16.8575155927,-5.44899036262
ILSVRC2012_test_00032471.JPEG,0.363060465407,1.66995342856
ILSVRC2012_test_00039722.JPEG,0.661173212065,12.9630220491
ILSVRC2012_test_00022168.JPEG,7.07475780846,-8.00465617159
ILSVRC2012_test_00083163.JPEG,6.40291615164,-0.739617170866
ILSVRC2012_test_00035205.JPEG,7.54488781293,1.6607513454
ILSVRC2012_test_00014000.JPEG,6.71270234155,-19.791630589
ILSVRC2012_test_00010938.JPEG,-7.94842921833,2.49519223932
ILSVRC2012_test_00072554.JPEG,2.80195647671,-10.2414367015
ILSVRC2012_test_00061498.JPEG,-8.39180517214,-4.33305572856
ILSVRC2012_test_00026450.JPEG,-9.51674878853,15.3324581434
ILSVRC2012_test_00064234.JPEG,2.62838596032,2.81613274294
ILSVRC2012_test_00036665.JPEG,16.2434010915,4.48350062754
ILSVRC2012_test_00060638.JPEG,3.61966235244,6.19527540025
ILSVRC2012_test_00000164.JPEG,-0.0700776094932,4.92098755974
ILSVRC2012_test_00007197.JPEG,-1.29977426956,-4.6493838402
ILSVRC2012_test_00006301.JPEG,0.875747005496,-2.87403477098
ILSVRC2012_test_00036975.JPEG,13.3171660076,-1.5333045591
ILSVRC2012_test_00081814.JPEG,3.47309133587,11.5069058864
ILSVRC2012_test_00011283.JPEG,-11.2000288267,-0.922363437347
ILSVRC2012_test_00034887.JPEG,-2.93737650318,13.6374003877
ILSVRC2012_test_00062529.JPEG,-5.42534718984,10.9162801465
ILSVRC2012_test_00060489.JPEG,-15.8148692735,-2.64218611966
ILSVRC2012_test_00058778.JPEG,-5.83605064062,6.67992537834
ILSVRC2012_test_00079827.JPEG,2.03328463734,-13.0345804765
ILSVRC2012_test_00017378.JPEG,3.34127414939,-1.57013718278
ILSVRC2012_test_00049015.JPEG,11.132873675,4.20307861706
ILSVRC2012_test_00021850.JPEG,-5.74119474745,10.2833613121
ILSVRC2012_test_00034725.JPEG,8.30382299609,-6.74630082921
ILSVRC2012_test_00060493.JPEG,-0.357220035361,-8.92592388474
ILSVRC2012_test_00028702.JPEG,9.74605601427,12.2770548565
ILSVRC2012_test_00093938.JPEG,3.98000596121,3.44659952692
ILSVRC2012_test_00088641.JPEG,-3.39203291501,-5.40677836809
ILSVRC2012_test_00057654.JPEG,-0.647208204433,2.93806862068
ILSVRC2012_test_00073034.JPEG,4.9325121687,-12.4603914274
ILSVRC2012_test_00068898.JPEG,9.32195123166,-10.004859841
ILSVRC2012_test_00042527.JPEG,-11.3380210075,-9.80774141413
ILSVRC2012_test_00020990.JPEG,-4.08518826312,18.1788826972
ILSVRC2012_test_00013151.JPEG,-3.50665763556,16.8956698596
ILSVRC2012_test_00029099.JPEG,-5.42791540734,-3.36554123798
ILSVRC2012_test_00001809.JPEG,9.50265028418,-10.8003406361
ILSVRC2012_test_00062257.JPEG,8.77088194516,10.5950079138
ILSVRC2012_test_00043336.JPEG,1.00952670735,15.3152549063
ILSVRC2012_test_00084912.JPEG,9.3255548555,3.43073512676
ILSVRC2012_test_00042163.JPEG,5.2097983677,-0.635895518422
ILSVRC2012_test_00040868.JPEG,-9.46252458521,7.04250918238
ILSVRC2012_test_00079894.JPEG,3.83845390518,5.41511511535
ILSVRC2012_test_00041920.JPEG,5.55778167726,1.11286083378
ILSVRC2012_test_00023017.JPEG,2.19041344824,-15.8676158271
ILSVRC2012_test_00034707.JPEG,6.28084100651,-16.1110273661
ILSVRC2012_test_00018538.JPEG,0.152085816559,13.3132226642
ILSVRC2012_test_00040137.JPEG,1.09602299392,-13.1876206981
ILSVRC2012_test_00035828.JPEG,1.56000809305,-9.09336202465
ILSVRC2012_test_00002095.JPEG,1.3964212979,1.1063048083
ILSVRC2012_test_00094040.JPEG,-3.22938644552,4.56145424753
ILSVRC2012_test_00069743.JPEG,3.96846810316,-14.8678618032
ILSVRC2012_test_00054126.JPEG,2.07629345509,8.22043022013
ILSVRC2012_test_00061537.JPEG,-4.19256354718,-14.202845105
ILSVRC2012_test_00058047.JPEG,-1.27767742048,16.7153946298
ILSVRC2012_test_00002142.JPEG,5.14297814293,-12.6984746981
ILSVRC2012_test_00091187.JPEG,10.7229652109,8.16101394167
ILSVRC2012_test_00017676.JPEG,-1.22243156033,-5.11795535831
ILSVRC2012_test_00022589.JPEG,-2.98258975398,-7.15934558347
ILSVRC2012_test_00035961.JPEG,-9.63406305907,-1.96698304276
ILSVRC2012_test_00075594.JPEG,-11.7686435155,9.60594819171
ILSVRC2012_test_00070425.JPEG,-6.45401240797,10.7240442504
ILSVRC2012_test_00081776.JPEG,-18.2047821722,-0.576350549148
ILSVRC2012_test_00095068.JPEG,3.12426682875,-4.52936845575
ILSVRC2012_test_00052347.JPEG,9.91181336874,12.5193329069
ILSVRC2012_test_00017633.JPEG,-0.107902781226,-6.30987962383
ILSVRC2012_test_00079070.JPEG,-2.1498591043,-4.68277649037
ILSVRC2012_test_00070248.JPEG,-6.50629962567,6.77958813043
ILSVRC2012_test_00006462.JPEG,3.21364539474,-4.86875770413
ILSVRC2012_test_00020906.JPEG,-0.402437537616,-2.41309976659
ILSVRC2012_test_00058102.JPEG,9.70171582534,13.3292042199
ILSVRC2012_test_00033552.JPEG,-1.79411092618,5.03343344139
ILSVRC2012_test_00070643.JPEG,-2.92433271762,-2.76823497226
ILSVRC2012_test_00084540.JPEG,4.55957552762,-9.33524892533
ILSVRC2012_test_00060628.JPEG,-4.50243530013,-4.78064730543
ILSVRC2012_test_00045837.JPEG,6.27778537167,-15.9672868766
ILSVRC2012_test_00059064.JPEG,0.822870447871,-13.5922807353
ILSVRC2012_test_00080982.JPEG,-1.43546094948,-17.9154338716
ILSVRC2012_test_00023993.JPEG,-5.35770730703,5.32583980987
ILSVRC2012_test_00042108.JPEG,7.18687185732,10.6348132298
ILSVRC2012_test_00048227.JPEG,1.7754234044,4.54136197567
ILSVRC2012_test_00010927.JPEG,0.451005624065,21.2926866457
ILSVRC2012_test_00070353.JPEG,10.6795143703,-11.1146396582
ILSVRC2012_test_00088705.JPEG,-5.92186961609,-6.61539779485
ILSVRC2012_test_00047095.JPEG,5.17854376917,13.7540180864
ILSVRC2012_test_00020051.JPEG,3.41461872921,17.3209887245
ILSVRC2012_test_00016609.JPEG,4.71621881351,8.94251541363
ILSVRC2012_test_00023745.JPEG,2.98093839059,-10.0888757624
ILSVRC2012_test_00075568.JPEG,-3.40276906725,-0.249787405858
ILSVRC2012_test_00037016.JPEG,2.9520899501,7.96059654691
ILSVRC2012_test_00014086.JPEG,7.1897371006,11.4474576754
ILSVRC2012_test_00073408.JPEG,3.55134625833,20.6105733791
ILSVRC2012_test_00058058.JPEG,3.5683698848,-12.7552837715
ILSVRC2012_test_00031698.JPEG,1.54950337091,13.5327312434
ILSVRC2012_test_00071015.JPEG,5.12161773488,11.8016974918
ILSVRC2012_test_00074016.JPEG,-3.66633916836,16.9166240389
ILSVRC2012_test_00099840.JPEG,-6.39955088263,-1.09416212671
ILSVRC2012_test_00060838.JPEG,-12.6414189908,4.81242456509
ILSVRC2012_test_00003994.JPEG,3.430985507,-10.0193970559
ILSVRC2012_test_00012985.JPEG,-2.38207162042,6.22004109019
ILSVRC2012_test_00043583.JPEG,2.19763600769,-6.01330074423
ILSVRC2012_test_00059382.JPEG,-3.19103745558,4.73075245545
ILSVRC2012_test_00045063.JPEG,7.10847001006,-13.8313835331
ILSVRC2012_test_00028085.JPEG,5.37340281704,16.3997282913
ILSVRC2012_test_00028967.JPEG,-1.65118317637,-4.50789255934
ILSVRC2012_test_00048489.JPEG,-3.13796036907,-8.73472852911
ILSVRC2012_test_00037587.JPEG,8.70451071681,10.8393032001
ILSVRC2012_test_00052439.JPEG,-1.36922065504,-3.92079833924
ILSVRC2012_test_00057686.JPEG,15.66999007,-9.62416339998
ILSVRC2012_test_00070882.JPEG,-4.12974007721,9.58394941254
ILSVRC2012_test_00056906.JPEG,-2.00584581816,-0.36995530674
ILSVRC2012_test_00022961.JPEG,4.48743611868,5.21026810465
ILSVRC2012_test_00087628.JPEG,-8.86466716578,-3.28344207239
ILSVRC2012_test_00041588.JPEG,16.2447149112,4.4822986865
ILSVRC2012_test_00044116.JPEG,-9.51371404883,0.816581125629
ILSVRC2012_test_00085365.JPEG,6.39299415746,6.87321789807
ILSVRC2012_test_00043237.JPEG,11.308994522,12.1671219671
ILSVRC2012_test_00030301.JPEG,9.09866505198,-11.9891695951
ILSVRC2012_test_00080455.JPEG,0.29102029526,16.4447805042
ILSVRC2012_test_00025296.JPEG,1.82537912011,-17.9749949783
ILSVRC2012_test_00096985.JPEG,10.7316878765,-7.51219287246
ILSVRC2012_test_00033705.JPEG,7.96677549258,-4.37882653585
ILSVRC2012_test_00054873.JPEG,8.23046678728,5.90502838301
ILSVRC2012_test_00058722.JPEG,7.78460626324,-2.83912476341
ILSVRC2012_test_00041662.JPEG,-4.65731834899,-0.238636956018
ILSVRC2012_test_00077276.JPEG,-6.91541346657,-13.459156533
ILSVRC2012_test_00057889.JPEG,5.63729885146,-14.2272466676
ILSVRC2012_test_00014712.JPEG,6.00832510686,-14.580023659
ILSVRC2012_test_00094354.JPEG,4.87178520789,-9.77112890311
ILSVRC2012_test_00009682.JPEG,4.56838330825,5.97142079278
ILSVRC2012_test_00036262.JPEG,-1.7968523165,8.31912618946
ILSVRC2012_test_00004466.JPEG,-9.66807344379,-2.2974869212
ILSVRC2012_test_00015599.JPEG,10.9446356225,-0.724898120151
ILSVRC2012_test_00019388.JPEG,5.63734574602,15.1429445719
ILSVRC2012_test_00078653.JPEG,3.2441000612,-7.82836714519
ILSVRC2012_test_00071183.JPEG,-2.60149376731,1.79639713828
ILSVRC2012_test_00095932.JPEG,16.2862579533,-4.57641860084
ILSVRC2012_test_00033699.JPEG,7.48593196792,-0.32369602007
ILSVRC2012_test_00087924.JPEG,-0.135244430282,3.65768894913
ILSVRC2012_test_00041366.JPEG,-6.97172917638,-13.5154141738
ILSVRC2012_test_00003684.JPEG,3.97668158934,-11.7314426321
ILSVRC2012_test_00037833.JPEG,-1.4790806115,-6.53890933631
ILSVRC2012_test_00077481.JPEG,4.8565009071,1.01704811685
ILSVRC2012_test_00021833.JPEG,-0.703722968246,-13.2563021599
ILSVRC2012_test_00002552.JPEG,-1.38566369149,-14.3271593331
ILSVRC2012_test_00082096.JPEG,1.88494370906,9.84866410895
ILSVRC2012_test_00058709.JPEG,3.51781454742,20.5909580486
ILSVRC2012_test_00026200.JPEG,3.33416462451,-7.59857531528
ILSVRC2012_test_00080909.JPEG,-3.9615363709,12.0667442635
ILSVRC2012_test_00087806.JPEG,-4.52157521466,-9.15964674373
ILSVRC2012_test_00078782.JPEG,-9.79630995484,-0.580841935807
ILSVRC2012_test_00071343.JPEG,2.34329945735,14.1933632756
ILSVRC2012_test_00065682.JPEG,3.22265791902,-5.30687578866
ILSVRC2012_test_00059292.JPEG,1.85468733982,-5.0106384438
ILSVRC2012_test_00070211.JPEG,3.6725720928,8.51698626767
ILSVRC2012_test_00028932.JPEG,-5.97354161982,6.73245132495
ILSVRC2012_test_00055467.JPEG,-12.5815107841,5.57991853101
ILSVRC2012_test_00019856.JPEG,-4.82250156388,-10.1842838016
ILSVRC2012_test_00016810.JPEG,8.61471029605,13.1037501524
ILSVRC2012_test_00046204.JPEG,-0.341577945087,-7.40192970359
ILSVRC2012_test_00093966.JPEG,7.14904370718,-6.00957089304
ILSVRC2012_test_00046443.JPEG,-1.79812222182,-8.07199363553
ILSVRC2012_test_00006258.JPEG,-0.131641594991,14.7106888283
ILSVRC2012_test_00098617.JPEG,-16.1764663925,0.367073163401
ILSVRC2012_test_00068454.JPEG,-3.70654760599,9.98235336514
ILSVRC2012_test_00065377.JPEG,-6.46656522347,3.76799979003
ILSVRC2012_test_00043004.JPEG,2.91956309009,-2.04898451144
ILSVRC2012_test_00003424.JPEG,-8.55382372596,11.9241908597
ILSVRC2012_test_00026329.JPEG,6.1026106236,-8.58174384664
ILSVRC2012_test_00057939.JPEG,-8.1880045818,8.10840914525
ILSVRC2012_test_00012413.JPEG,7.12005660594,-9.95484939268
ILSVRC2012_test_00068776.JPEG,13.7549097993,0.441865897942
ILSVRC2012_test_00050814.JPEG,-4.3010235771,-12.776910059
ILSVRC2012_test_00092036.JPEG,1.49613286106,6.6495654227
ILSVRC2012_test_00084843.JPEG,1.78943033919,12.6097538464
ILSVRC2012_test_00074293.JPEG,-1.57389932789,-10.3632794344
ILSVRC2012_test_00036304.JPEG,-4.12825402048,18.2152436907
ILSVRC2012_test_00074414.JPEG,6.84582959584,9.58355057887
ILSVRC2012_test_00061901.JPEG,-12.1927769203,-3.35999746531
ILSVRC2012_test_00063916.JPEG,2.97768148626,-3.63455934733
ILSVRC2012_test_00086646.JPEG,12.8650049299,-6.69303211032
ILSVRC2012_test_00083287.JPEG,1.21923960626,1.89519175887
ILSVRC2012_test_00005627.JPEG,-4.37597142749,-14.3043841544
ILSVRC2012_test_00079690.JPEG,1.81348133601,-11.3986917823
ILSVRC2012_test_00096500.JPEG,0.140650647232,0.337935929552
ILSVRC2012_test_00019644.JPEG,5.51082330103,1.11241237206
ILSVRC2012_test_00026180.JPEG,6.9847467849,16.7007701975
ILSVRC2012_test_00012773.JPEG,10.8827052445,5.97866525489
ILSVRC2012_test_00020013.JPEG,9.7933626842,-10.5855088587
ILSVRC2012_test_00000386.JPEG,8.71485544711,1.58521125074
ILSVRC2012_test_00098905.JPEG,-3.07973058502,-2.04614873072
ILSVRC2012_test_00053436.JPEG,-0.307187279762,-6.10424226996
ILSVRC2012_test_00072628.JPEG,-5.5476081014,15.5933418638
ILSVRC2012_test_00093002.JPEG,5.52868477328,-1.95892515851
ILSVRC2012_test_00006172.JPEG,0.834695953393,8.96055766853
ILSVRC2012_test_00073110.JPEG,-4.48306199486,-3.27759268544
ILSVRC2012_test_00040803.JPEG,2.17585094916,-4.19782853643
ILSVRC2012_test_00011850.JPEG,6.04871731215,11.6190152935
ILSVRC2012_test_00077131.JPEG,16.7921313277,-5.44775450703
ILSVRC2012_test_00032479.JPEG,0.125850534556,-7.24804012939
ILSVRC2012_test_00024726.JPEG,-2.72013937244,-4.68511792319
ILSVRC2012_test_00060246.JPEG,2.53944754825,5.20866333933
ILSVRC2012_test_00037971.JPEG,9.94912538313,-1.24456414134
ILSVRC2012_test_00057977.JPEG,-4.15601711331,1.87445856532
ILSVRC2012_test_00076813.JPEG,9.854574436,-1.22893778577
ILSVRC2012_test_00098388.JPEG,-3.13193365382,-1.44072238927
ILSVRC2012_test_00035429.JPEG,-14.7333742014,-3.82571946535
ILSVRC2012_test_00038545.JPEG,-4.31006479854,14.1989657472
ILSVRC2012_test_00042337.JPEG,2.74664441633,3.02811197899
ILSVRC2012_test_00075677.JPEG,-16.185584697,-7.13239858575
ILSVRC2012_test_00020597.JPEG,-6.63894221965,10.6843534053
ILSVRC2012_test_00033514.JPEG,-2.85825445499,11.7008512709
ILSVRC2012_test_00094656.JPEG,-11.1997343912,7.59057579246
ILSVRC2012_test_00013902.JPEG,-1.86159288234,3.93968448017
ILSVRC2012_test_00085485.JPEG,-6.46082477678,6.77686300338
ILSVRC2012_test_00031608.JPEG,1.43274909561,6.664768545
ILSVRC2012_test_00034198.JPEG,0.372763152039,13.7979775599
ILSVRC2012_test_00073354.JPEG,1.97737322134,-9.77206115731
ILSVRC2012_test_00005888.JPEG,-9.9424431112,7.98036062164
ILSVRC2012_test_00037765.JPEG,-1.04005151631,16.8935894383
ILSVRC2012_test_00059209.JPEG,14.6491368704,7.37217649089
ILSVRC2012_test_00029646.JPEG,5.27253773742,13.6786833593
ILSVRC2012_test_00061033.JPEG,-4.23379521044,7.86136905384
ILSVRC2012_test_00091567.JPEG,-2.77244340569,-6.3465567208
ILSVRC2012_test_00058333.JPEG,-13.7721540727,6.39383362577
ILSVRC2012_test_00029743.JPEG,5.81371243168,2.99724138795
ILSVRC2012_test_00019021.JPEG,1.68850949596,2.33624834224
ILSVRC2012_test_00077060.JPEG,9.27258661632,-0.230632158296
ILSVRC2012_test_00028849.JPEG,3.40619140743,-8.69772906663
ILSVRC2012_test_00061320.JPEG,-13.9305459758,0.862164815283
ILSVRC2012_test_00080724.JPEG,-2.47372447581,13.3738714739
ILSVRC2012_test_00054444.JPEG,10.3706205918,-10.9105638293
ILSVRC2012_test_00094390.JPEG,6.04895476345,0.46691845294
ILSVRC2012_test_00093557.JPEG,-1.57769306609,-0.223714825811
ILSVRC2012_test_00076326.JPEG,7.68636394496,7.6538243215
ILSVRC2012_test_00061855.JPEG,7.08286159758,17.4015690505
ILSVRC2012_test_00031430.JPEG,0.462436865249,-9.2553361354
ILSVRC2012_test_00093398.JPEG,-3.75499611659,12.2539118689
ILSVRC2012_test_00023561.JPEG,-2.283235547,2.26868859343
ILSVRC2012_test_00059893.JPEG,3.83824368558,-17.0373850523
ILSVRC2012_test_00074314.JPEG,-9.80029817766,-0.558204553434
ILSVRC2012_test_00052840.JPEG,-3.19455788993,-7.42324042121
ILSVRC2012_test_00004513.JPEG,4.32301358602,-7.10332469869
ILSVRC2012_test_00069602.JPEG,-11.0070938514,0.597696777886
ILSVRC2012_test_00010080.JPEG,8.19094739292,7.99606584585
ILSVRC2012_test_00058191.JPEG,-8.83076362861,-12.110744883
ILSVRC2012_test_00068431.JPEG,-4.72705086193,-1.75210183281
ILSVRC2012_test_00017017.JPEG,-2.00208461545,0.158449350841
ILSVRC2012_test_00008734.JPEG,1.99833824538,3.7961049561
ILSVRC2012_test_00001217.JPEG,-4.50276831141,-1.90782515826
ILSVRC2012_test_00026767.JPEG,2.83502934498,-2.41055080517
ILSVRC2012_test_00020917.JPEG,2.85284569964,3.17983423887
ILSVRC2012_test_00002014.JPEG,-2.09381100559,-7.10654038322
ILSVRC2012_test_00059672.JPEG,-1.14447609323,7.78023240103
ILSVRC2012_test_00031265.JPEG,6.89019125165,11.4770962887
ILSVRC2012_test_00070034.JPEG,0.0205591884243,13.6906442331
ILSVRC2012_test_00020555.JPEG,-3.02838915642,-5.17171756657
ILSVRC2012_test_00060288.JPEG,5.89349872138,-8.89690802169
ILSVRC2012_test_00019992.JPEG,-2.02564032908,-8.25400767872
ILSVRC2012_test_00017713.JPEG,9.91813307291,-3.78124559988
ILSVRC2012_test_00095410.JPEG,-9.93857508388,-6.20128400559
ILSVRC2012_test_00047048.JPEG,-1.31822629097,-1.58090116506
ILSVRC2012_test_00096873.JPEG,-10.6431050325,-6.86301548708
ILSVRC2012_test_00045287.JPEG,-1.75885353834,11.0297819917
ILSVRC2012_test_00066422.JPEG,9.06749747599,-10.3173281163
ILSVRC2012_test_00011648.JPEG,0.827387177023,-0.570701496725
ILSVRC2012_test_00091679.JPEG,4.79642601782,-10.1820590962
ILSVRC2012_test_00076801.JPEG,3.46775318406,-2.84326991061
ILSVRC2012_test_00023562.JPEG,9.71253888606,5.14831622825
ILSVRC2012_test_00086915.JPEG,4.38463243766,-11.9635724851
ILSVRC2012_test_00057260.JPEG,3.01050034653,-3.29529655787
ILSVRC2012_test_00017724.JPEG,11.2401197587,12.0196742761
ILSVRC2012_test_00000298.JPEG,-11.4194964511,-12.6581983764
ILSVRC2012_test_00062598.JPEG,0.429124844252,2.5138755786
ILSVRC2012_test_00064392.JPEG,-16.1652977575,-7.08482748181
ILSVRC2012_test_00096123.JPEG,2.70594855376,15.0101796084
ILSVRC2012_test_00067485.JPEG,-0.773835378359,-7.58828317366
ILSVRC2012_test_00019427.JPEG,2.89420488455,15.8785638193
ILSVRC2012_test_00010847.JPEG,-12.1659491615,1.16512072427
ILSVRC2012_test_00067511.JPEG,7.63053520108,-15.2931070835
ILSVRC2012_test_00077369.JPEG,1.29472512488,3.21916725689
ILSVRC2012_test_00002501.JPEG,4.87077552656,-4.54603972497
ILSVRC2012_test_00038309.JPEG,-9.58637678333,9.59852043509
ILSVRC2012_test_00089733.JPEG,7.78438767186,4.01086214404
ILSVRC2012_test_00040015.JPEG,9.15384713292,-10.6620628294
ILSVRC2012_test_00047713.JPEG,-13.697214387,6.33313993042
ILSVRC2012_test_00043110.JPEG,-11.7726300313,0.680890808778
ILSVRC2012_test_00070416.JPEG,-9.48954360612,-2.31798506657
ILSVRC2012_test_00040719.JPEG,4.3612250779,6.2702028404
ILSVRC2012_test_00078795.JPEG,-12.7397457179,-4.71805077506
ILSVRC2012_test_00005402.JPEG,-3.01819772975,11.9938772019
ILSVRC2012_test_00028424.JPEG,6.18355760363,-12.6325319164
ILSVRC2012_test_00022669.JPEG,1.46677061034,-3.17718140776
ILSVRC2012_test_00031983.JPEG,3.04315496526,5.52377850802
ILSVRC2012_test_00077209.JPEG,-0.177170914053,-8.83623796991
ILSVRC2012_test_00015000.JPEG,-3.96643773711,-6.59333669266
ILSVRC2012_test_00084963.JPEG,-10.3052962952,-7.87882376776
ILSVRC2012_test_00064052.JPEG,9.54136866674,-3.85682269378
ILSVRC2012_test_00015096.JPEG,-16.0359501266,-2.92367091071
ILSVRC2012_test_00027290.JPEG,0.960099669253,17.9423826148
ILSVRC2012_test_00055553.JPEG,-0.839968754291,-6.76845474655
ILSVRC2012_test_00005021.JPEG,-4.87763380504,9.99983297122
ILSVRC2012_test_00042932.JPEG,-8.72244358032,8.05330177886
ILSVRC2012_test_00065452.JPEG,-0.731198355017,-0.268915591588
ILSVRC2012_test_00033842.JPEG,5.16285459108,4.0520371215
ILSVRC2012_test_00076124.JPEG,-2.93941953493,-3.71224634568
ILSVRC2012_test_00022421.JPEG,1.08976187639,-14.4696933298
ILSVRC2012_test_00082329.JPEG,-11.4427356584,-12.6907727564
ILSVRC2012_test_00015840.JPEG,-1.57488447856,13.8826572989
ILSVRC2012_test_00095663.JPEG,-3.64118226211,-4.3785103077
ILSVRC2012_test_00046030.JPEG,7.16257257329,17.1318452321
ILSVRC2012_test_00095981.JPEG,0.913824180607,5.91935344795
ILSVRC2012_test_00083049.JPEG,-5.26657321736,9.81603951581
ILSVRC2012_test_00038296.JPEG,-1.27083555751,8.00164849219
ILSVRC2012_test_00011129.JPEG,3.04662351932,3.46538058105
ILSVRC2012_test_00092903.JPEG,4.80503836269,5.93182379981
ILSVRC2012_test_00072874.JPEG,2.10428872038,-12.7122700938
ILSVRC2012_test_00092163.JPEG,-5.95445571403,2.20845726716
ILSVRC2012_test_00030074.JPEG,-8.91576317144,-8.45060537603
ILSVRC2012_test_00018056.JPEG,-12.0597869517,13.3348685854
ILSVRC2012_test_00058627.JPEG,6.529270889,-7.47679085723
ILSVRC2012_test_00072826.JPEG,-8.03710829451,-18.2245926968
ILSVRC2012_test_00010918.JPEG,-14.204011752,-4.20947222134
ILSVRC2012_test_00038804.JPEG,7.31417571847,-0.618316673406
ILSVRC2012_test_00052976.JPEG,-3.73123771926,-20.7920151393
ILSVRC2012_test_00058360.JPEG,-11.3908751461,-2.04343951079
ILSVRC2012_test_00026781.JPEG,-2.53389066225,20.6817580449
ILSVRC2012_test_00056024.JPEG,7.78422604824,-2.8237013397
ILSVRC2012_test_00047741.JPEG,-1.17629197265,-12.3144126414
ILSVRC2012_test_00037384.JPEG,-9.65001266659,-2.94977722936
ILSVRC2012_test_00062972.JPEG,-0.27973577103,16.0555186006
ILSVRC2012_test_00059506.JPEG,6.44728742793,10.2554848517
ILSVRC2012_test_00029822.JPEG,7.2720710524,1.88018300338
ILSVRC2012_test_00010214.JPEG,7.45841959358,18.2870945291
ILSVRC2012_test_00021797.JPEG,7.00942327877,-4.58392507565
ILSVRC2012_test_00073734.JPEG,-0.541405297736,11.0194666235
ILSVRC2012_test_00071860.JPEG,-9.68965289633,3.0933605959
ILSVRC2012_test_00076854.JPEG,-11.8753138629,-0.572852054714
ILSVRC2012_test_00056244.JPEG,-10.6345351354,9.05217298719
ILSVRC2012_test_00093296.JPEG,-5.42608802715,-3.41060167482
ILSVRC2012_test_00055113.JPEG,-8.62396340275,5.57640442369
ILSVRC2012_test_00081754.JPEG,-2.15767451542,-1.82140108062
ILSVRC2012_test_00047579.JPEG,-8.02185655865,-18.2109391745
ILSVRC2012_test_00007324.JPEG,-12.4463419063,5.41859964568
ILSVRC2012_test_00089583.JPEG,-1.98708865683,8.34775645827
ILSVRC2012_test_00070583.JPEG,-4.56867161531,12.5650199056
ILSVRC2012_test_00016935.JPEG,9.14984789508,1.57988307337
ILSVRC2012_test_00078612.JPEG,6.68154406671,-7.2952640856
ILSVRC2012_test_00039467.JPEG,3.9304072417,-2.10423402602
ILSVRC2012_test_00070702.JPEG,7.53475895182,17.2806475695
ILSVRC2012_test_00015527.JPEG,8.49002856024,4.27602186533
ILSVRC2012_test_00037678.JPEG,-2.47253818958,-15.4594376377
ILSVRC2012_test_00092250.JPEG,-16.4191227755,-3.0580728337
ILSVRC2012_test_00051418.JPEG,2.49615412002,-0.729267669526
ILSVRC2012_test_00083291.JPEG,-2.18788885495,-9.96007455967
ILSVRC2012_test_00036968.JPEG,-5.85123863209,12.2129575107
ILSVRC2012_test_00001937.JPEG,-0.723108180979,16.1201561107
ILSVRC2012_test_00035020.JPEG,-10.2376785926,5.30529481327
ILSVRC2012_test_00018747.JPEG,-12.0582810696,13.3429456774
ILSVRC2012_test_00076610.JPEG,-0.0402347408594,-5.64750315541
ILSVRC2012_test_00057610.JPEG,-0.0325145415783,-8.81890757989
ILSVRC2012_test_00041200.JPEG,1.63332539378,16.3746142151
ILSVRC2012_test_00009289.JPEG,6.09017263038,16.6845594411
ILSVRC2012_test_00054597.JPEG,2.52326271002,1.30963964501
ILSVRC2012_test_00093932.JPEG,0.949166928361,17.9038131231
ILSVRC2012_test_00033825.JPEG,-1.21092199892,-3.9938725707
ILSVRC2012_test_00060104.JPEG,-2.65124056143,3.64814706563
ILSVRC2012_test_00059503.JPEG,-0.904519456038,10.0120961952
ILSVRC2012_test_00030464.JPEG,4.12948338997,0.0453764051065
ILSVRC2012_test_00050448.JPEG,-9.68653079876,3.09380913367
ILSVRC2012_test_00031368.JPEG,-1.81063235282,-3.1893691391
ILSVRC2012_test_00006274.JPEG,10.7151651729,11.7066122016
ILSVRC2012_test_00026254.JPEG,-0.789135938123,-14.5403738004
ILSVRC2012_test_00022973.JPEG,-2.23392927749,-1.85359035731
ILSVRC2012_test_00071428.JPEG,1.02753242879,9.71428258813
ILSVRC2012_test_00005205.JPEG,-6.19261648913,0.649334529376
ILSVRC2012_test_00061663.JPEG,-14.9345280527,-3.81274330118
ILSVRC2012_test_00065848.JPEG,8.87110695086,-16.4368119105
ILSVRC2012_test_00018648.JPEG,6.70944494327,-19.7891268444
ILSVRC2012_test_00001821.JPEG,-17.9024648835,-3.61653896199
ILSVRC2012_test_00011366.JPEG,-1.59818958369,-2.79713227878
ILSVRC2012_test_00039975.JPEG,2.98781483631,11.5113645334
ILSVRC2012_test_00058560.JPEG,-0.153005561678,15.9542336981
ILSVRC2012_test_00050601.JPEG,4.43304352241,1.03342932855
ILSVRC2012_test_00004085.JPEG,14.6413699915,7.35184435745
ILSVRC2012_test_00012756.JPEG,13.7399256612,3.7000730791
ILSVRC2012_test_00029465.JPEG,4.80205464827,-7.35381064709
ILSVRC2012_test_00011624.JPEG,6.1744109478,-10.8866430269
ILSVRC2012_test_00030546.JPEG,-9.61831492068,-14.8360500523
ILSVRC2012_test_00090095.JPEG,-6.25322430389,-0.41981884127
ILSVRC2012_test_00025301.JPEG,4.4243573167,-10.3714550842
ILSVRC2012_test_00073995.JPEG,0.172406731666,15.7916983112
ILSVRC2012_test_00061196.JPEG,0.36670479396,-3.17975489598
ILSVRC2012_test_00030289.JPEG,-0.736160685988,-14.5377135477
ILSVRC2012_test_00003251.JPEG,5.83205434415,3.63636292198
ILSVRC2012_test_00003875.JPEG,8.05402937785,-7.23063281341
ILSVRC2012_test_00031872.JPEG,6.22435712374,9.53728589458
ILSVRC2012_test_00099407.JPEG,16.8067026166,-5.30610401661
ILSVRC2012_test_00054433.JPEG,5.76117937093,5.64677426146
ILSVRC2012_test_00007347.JPEG,10.6578733671,-7.50516998481
ILSVRC2012_test_00024461.JPEG,11.5976464821,9.96474802996
ILSVRC2012_test_00073940.JPEG,1.73163530753,4.95226061974
ILSVRC2012_test_00022568.JPEG,-0.918120143784,-10.0810314342
ILSVRC2012_test_00096524.JPEG,-7.78242735873,4.12790509358
ILSVRC2012_test_00053150.JPEG,9.87945273515,8.44663160109
ILSVRC2012_test_00010887.JPEG,-2.29786187716,-4.16276213872
ILSVRC2012_test_00031338.JPEG,1.90264836692,-19.9400211543
ILSVRC2012_test_00023691.JPEG,-2.92604954004,15.3667954389
ILSVRC2012_test_00004130.JPEG,-2.89806229033,-11.8232151878
ILSVRC2012_test_00088513.JPEG,3.73758545551,0.3401606696
ILSVRC2012_test_00040810.JPEG,8.56751295383,-10.7125934683
ILSVRC2012_test_00035108.JPEG,-5.7605953041,11.9949388
ILSVRC2012_test_00014212.JPEG,0.0626216686529,-16.6241300561
ILSVRC2012_test_00095181.JPEG,4.0383883241,3.58834833582
ILSVRC2012_test_00066548.JPEG,1.47695423132,-11.8593946352
ILSVRC2012_test_00059528.JPEG,-14.4651894705,-10.399620294
ILSVRC2012_test_00093049.JPEG,-11.2765455773,-9.70371929395
ILSVRC2012_test_00075423.JPEG,-15.6609441082,-3.08284786058
ILSVRC2012_test_00080611.JPEG,5.68418130613,3.08677849018
ILSVRC2012_test_00046686.JPEG,9.23142079271,10.9620809313
ILSVRC2012_test_00096366.JPEG,-1.4478683514,-4.86237484177
ILSVRC2012_test_00025341.JPEG,-5.98627886633,11.4284524389
ILSVRC2012_test_00006353.JPEG,-0.405332934501,19.7774472383
ILSVRC2012_test_00070442.JPEG,-12.3080640757,-3.46627738508
ILSVRC2012_test_00011432.JPEG,2.10073294203,-14.819806792
ILSVRC2012_test_00046272.JPEG,8.50800884327,-6.88054869088
ILSVRC2012_test_00012100.JPEG,9.95243611791,7.6820796115
ILSVRC2012_test_00048736.JPEG,-11.2081698751,-4.38430547422
ILSVRC2012_test_00035345.JPEG,-10.733853684,-5.81630463155
ILSVRC2012_test_00043230.JPEG,-4.47592079697,-8.88234508374
ILSVRC2012_test_00035374.JPEG,-11.3428359936,-1.8784687984
ILSVRC2012_test_00063094.JPEG,10.8415520441,-11.0988221158
ILSVRC2012_test_00092217.JPEG,-4.42149637723,-7.72401954395
ILSVRC2012_test_00013111.JPEG,4.70155856867,-0.24656246756
ILSVRC2012_test_00011211.JPEG,-0.164078342638,-10.0950542004
ILSVRC2012_test_00032564.JPEG,4.00586747976,4.49285303841
ILSVRC2012_test_00095968.JPEG,-3.36376551677,9.92490964908
ILSVRC2012_test_00099326.JPEG,1.90390727589,-19.9508046168
ILSVRC2012_test_00081372.JPEG,-0.356906983423,-4.9030428977
ILSVRC2012_test_00041726.JPEG,-0.455514224072,-11.5832134757
ILSVRC2012_test_00025781.JPEG,5.587636596,10.1661016768
ILSVRC2012_test_00040504.JPEG,7.82471867607,-2.80170505631
ILSVRC2012_test_00045865.JPEG,1.51829275904,-1.27630752496
ILSVRC2012_test_00047137.JPEG,-13.3551240786,0.351114204178
ILSVRC2012_test_00038241.JPEG,-12.5615017117,5.49662296209
ILSVRC2012_test_00036918.JPEG,-1.49832684692,14.2031030903
ILSVRC2012_test_00091635.JPEG,7.43526184563,18.3794234556
ILSVRC2012_test_00061917.JPEG,2.66474051476,11.2869518074
ILSVRC2012_test_00011254.JPEG,6.2729013938,-0.90646631689
ILSVRC2012_test_00042338.JPEG,8.47304978113,5.88643070188
ILSVRC2012_test_00002210.JPEG,-4.52537060295,-5.70567434145
ILSVRC2012_test_00055399.JPEG,1.90718466476,3.94868212696
ILSVRC2012_test_00023963.JPEG,14.4641448216,10.271188075
ILSVRC2012_test_00003886.JPEG,-12.5225021282,5.3951813557
ILSVRC2012_test_00034027.JPEG,7.37450125449,3.32262432474
ILSVRC2012_test_00006290.JPEG,1.09618086386,-12.3073275499
ILSVRC2012_test_00034458.JPEG,0.0438844306775,4.60047588611
ILSVRC2012_test_00006458.JPEG,6.29482230529,-5.42430561726
ILSVRC2012_test_00047832.JPEG,-4.05712976916,10.013710097
ILSVRC2012_test_00049294.JPEG,14.4090930116,10.260982935
ILSVRC2012_test_00006352.JPEG,-8.98371047029,5.67321225305
ILSVRC2012_test_00000136.JPEG,3.59518194299,-1.20837395844
ILSVRC2012_test_00067661.JPEG,10.9604262325,8.13764196771
ILSVRC2012_test_00079966.JPEG,7.46756330749,-11.6776124425
ILSVRC2012_test_00074021.JPEG,1.6932071627,-6.67660742181
ILSVRC2012_test_00023505.JPEG,-1.00150029911,-4.55390359701
ILSVRC2012_test_00057833.JPEG,0.519178648789,-4.74781786791
ILSVRC2012_test_00036874.JPEG,-3.22957184973,12.3250771194
ILSVRC2012_test_00068794.JPEG,-6.62623844657,-5.14810537188
ILSVRC2012_test_00095723.JPEG,9.32220215253,-1.74468502886
ILSVRC2012_test_00056490.JPEG,-0.365749125691,1.24963504338
ILSVRC2012_test_00028772.JPEG,-0.576378091195,-14.8160675498
ILSVRC2012_test_00096111.JPEG,5.07340112798,-4.47168489989
ILSVRC2012_test_00024529.JPEG,-0.986327195777,-5.92965195941
ILSVRC2012_test_00008613.JPEG,-1.8508445481,-9.17500536746
ILSVRC2012_test_00090365.JPEG,-0.220660008829,14.689459888
ILSVRC2012_test_00003390.JPEG,1.53279255352,-1.2497480488
ILSVRC2012_test_00033307.JPEG,-7.15025256544,-8.97684927577
ILSVRC2012_test_00073352.JPEG,5.55913184868,2.58657884779
ILSVRC2012_test_00099098.JPEG,16.2651716536,-0.679811271803
ILSVRC2012_test_00028215.JPEG,-8.22623430089,8.18386437037
ILSVRC2012_test_00081036.JPEG,-3.26403651207,-10.413144529
ILSVRC2012_test_00004979.JPEG,8.36102551831,-11.8196301664
ILSVRC2012_test_00041208.JPEG,-3.28519826394,11.4401375776
ILSVRC2012_test_00040568.JPEG,-8.12467704472,0.470654434636
ILSVRC2012_test_00028783.JPEG,-3.5188059178,-8.42465916459
ILSVRC2012_test_00068385.JPEG,1.11191083729,2.04146765734
ILSVRC2012_test_00031090.JPEG,-9.94194813444,-0.75765651815
ILSVRC2012_test_00092178.JPEG,9.34926256916,-11.6930518865
ILSVRC2012_test_00041665.JPEG,6.54717082193,11.717770057
ILSVRC2012_test_00012389.JPEG,-0.325035495966,-10.974763976
ILSVRC2012_test_00091394.JPEG,6.48741695343,5.12546084835
ILSVRC2012_test_00022021.JPEG,-7.29242169246,-8.97173295024
ILSVRC2012_test_00033008.JPEG,-1.47086984357,8.15242457153
ILSVRC2012_test_00014728.JPEG,-5.04961288325,-2.84965895203
ILSVRC2012_test_00069561.JPEG,2.09569330808,-4.18672718123
ILSVRC2012_test_00004885.JPEG,-7.11165326591,11.1062631815
ILSVRC2012_test_00078736.JPEG,2.38647142091,14.9425146885
ILSVRC2012_test_00094261.JPEG,3.93169974798,-0.704750053006
ILSVRC2012_test_00093354.JPEG,16.8627167125,-5.4108385802
ILSVRC2012_test_00015005.JPEG,7.14248579857,3.12292434083
ILSVRC2012_test_00031625.JPEG,1.00490819512,15.8602401684
ILSVRC2012_test_00086719.JPEG,5.03944018281,4.41386442633
ILSVRC2012_test_00006066.JPEG,5.08853349738,5.79727219592
ILSVRC2012_test_00036434.JPEG,3.52487849356,20.5737478316
ILSVRC2012_test_00069378.JPEG,6.98763970863,1.27956557384
ILSVRC2012_test_00003971.JPEG,2.34966738192,-7.69864008754
ILSVRC2012_test_00012910.JPEG,-5.53586825744,2.98004075264
ILSVRC2012_test_00013884.JPEG,11.0821287223,4.2492298888
ILSVRC2012_test_00049317.JPEG,5.76296275189,1.88725017493
ILSVRC2012_test_00012475.JPEG,-1.21022379264,12.8797702983
ILSVRC2012_test_00071876.JPEG,-0.537692824875,-12.5568910234
ILSVRC2012_test_00015628.JPEG,-1.90151859072,-13.5037014113
ILSVRC2012_test_00070427.JPEG,-7.90297385353,4.56114503658
ILSVRC2012_test_00086589.JPEG,9.16717752855,2.71438567707
ILSVRC2012_test_00003664.JPEG,12.1642646502,6.00082028848
ILSVRC2012_test_00072430.JPEG,9.34065971131,-0.154772933591
ILSVRC2012_test_00077201.JPEG,-3.7950627227,6.0110337338
ILSVRC2012_test_00099202.JPEG,-9.3726716607,-6.08030225801
ILSVRC2012_test_00079082.JPEG,10.9348758671,2.5861220404
ILSVRC2012_test_00055190.JPEG,8.99656804871,10.7534000632
ILSVRC2012_test_00029552.JPEG,-12.1202822707,-6.44151716157
ILSVRC2012_test_00020405.JPEG,-12.0511396557,13.3541724696
ILSVRC2012_test_00074065.JPEG,-12.5112582082,2.38856897467
ILSVRC2012_test_00091709.JPEG,-1.56050127981,2.37872816143
ILSVRC2012_test_00013660.JPEG,-11.3521135541,-9.83971410279
ILSVRC2012_test_00044812.JPEG,-4.64937235798,-7.49792419272
ILSVRC2012_test_00073474.JPEG,-5.85488176554,-14.9391203872
ILSVRC2012_test_00012856.JPEG,-3.91247708595,-10.7432260674
ILSVRC2012_test_00097585.JPEG,-4.00149952795,13.9075172961
ILSVRC2012_test_00021375.JPEG,5.66175704143,-9.63155420336
ILSVRC2012_test_00001116.JPEG,1.35316095331,-7.07943592875
ILSVRC2012_test_00019548.JPEG,-16.7894753403,-3.00841238335
ILSVRC2012_test_00054183.JPEG,11.1643437357,12.7499428485
ILSVRC2012_test_00010647.JPEG,-3.7264879907,19.2102699062
ILSVRC2012_test_00017404.JPEG,13.5014745373,3.54718867614
ILSVRC2012_test_00062386.JPEG,-13.3664665011,0.324411063889
ILSVRC2012_test_00029143.JPEG,0.447912322938,-6.27232037257
ILSVRC2012_test_00043735.JPEG,6.97817359384,11.4490225495
ILSVRC2012_test_00016508.JPEG,-5.47066661175,13.6414342057
ILSVRC2012_test_00093901.JPEG,2.51276920008,-15.5985171784
ILSVRC2012_test_00072544.JPEG,-3.04035604897,0.712961859484
ILSVRC2012_test_00015942.JPEG,-5.7083776381,6.65283859016
ILSVRC2012_test_00037296.JPEG,3.29444806843,-13.9714653515
ILSVRC2012_test_00012476.JPEG,7.54708791453,-9.30040705681
ILSVRC2012_test_00068509.JPEG,0.569095418648,0.546291087131
ILSVRC2012_test_00033586.JPEG,0.134698078199,4.50421855606
ILSVRC2012_test_00068781.JPEG,-13.3975448905,-7.036506684
ILSVRC2012_test_00083474.JPEG,-1.39057659395,0.365607203102
ILSVRC2012_test_00051998.JPEG,-6.61819097855,-9.52987543238
ILSVRC2012_test_00082465.JPEG,-10.5753249204,0.998237235874
ILSVRC2012_test_00024164.JPEG,8.23062579595,-0.0186866290438
ILSVRC2012_test_00001718.JPEG,6.94745862895,2.78293496873
ILSVRC2012_test_00055916.JPEG,-5.69949407793,13.7674797196
ILSVRC2012_test_00044391.JPEG,7.18028982105,-10.1509476834
ILSVRC2012_test_00089113.JPEG,-3.88383574267,-1.19805607031
ILSVRC2012_test_00028417.JPEG,6.12424460135,-12.8730588197
ILSVRC2012_test_00025665.JPEG,-11.2558043892,3.84216381848
ILSVRC2012_test_00045275.JPEG,-0.560978664512,-13.4513420141
ILSVRC2012_test_00017487.JPEG,-10.2575015825,-2.54232568588
ILSVRC2012_test_00010529.JPEG,1.54061666388,-11.6872281686
ILSVRC2012_test_00070881.JPEG,0.812643654954,8.7984399218
ILSVRC2012_test_00032684.JPEG,-3.16516639923,-2.85514536684
ILSVRC2012_test_00009222.JPEG,7.07797042903,11.4327089131
ILSVRC2012_test_00093816.JPEG,-12.03825465,10.0349265377
ILSVRC2012_test_00049290.JPEG,4.11349142683,-11.7189278682
ILSVRC2012_test_00002789.JPEG,-8.40942893493,5.5863867964
ILSVRC2012_test_00097467.JPEG,1.12299617767,-15.4168598028
ILSVRC2012_test_00061372.JPEG,13.4364800181,3.52467077358
ILSVRC2012_test_00003303.JPEG,0.976152346197,-3.56197957075
ILSVRC2012_test_00058803.JPEG,5.70509031586,-6.2337537578
ILSVRC2012_test_00007933.JPEG,-0.477772184056,-0.563361754342
ILSVRC2012_test_00046764.JPEG,13.6543679603,0.720763351794
ILSVRC2012_test_00007232.JPEG,2.16863012419,14.6054057019
ILSVRC2012_test_00069871.JPEG,12.1843779052,-9.99387348973
ILSVRC2012_test_00006105.JPEG,3.16436240679,-11.0460638361
ILSVRC2012_test_00081592.JPEG,1.78486596783,4.73383678989
ILSVRC2012_test_00038349.JPEG,-3.38730041806,-10.5669505031
ILSVRC2012_test_00073424.JPEG,2.79164628617,-6.87113166242
ILSVRC2012_test_00068064.JPEG,-3.71676841901,19.4811383492
ILSVRC2012_test_00089277.JPEG,1.84342542601,5.5053050465
ILSVRC2012_test_00087110.JPEG,3.58465270075,17.309592235
ILSVRC2012_test_00051371.JPEG,-4.69588376989,8.4074063959
ILSVRC2012_test_00036569.JPEG,8.87973290354,-16.4331811949
ILSVRC2012_test_00084461.JPEG,9.67821979965,3.86381743256
ILSVRC2012_test_00051666.JPEG,13.2242642561,-3.85139973199
ILSVRC2012_test_00077642.JPEG,4.73356380916,6.41571299683
ILSVRC2012_test_00044658.JPEG,-0.959927558846,11.8530416237
ILSVRC2012_test_00032347.JPEG,1.72990150681,-14.6615192437
ILSVRC2012_test_00030113.JPEG,8.59574012564,16.8519300335
ILSVRC2012_test_00072081.JPEG,3.09373359151,-12.4832455947
ILSVRC2012_test_00007514.JPEG,-18.688893274,-0.451634407526
ILSVRC2012_test_00024315.JPEG,-2.82554959838,0.719854781109
ILSVRC2012_test_00081774.JPEG,-17.1099079527,-2.99963077877
ILSVRC2012_test_00092047.JPEG,11.081005316,1.03260449714
ILSVRC2012_test_00052694.JPEG,0.52036214201,-11.434726736
ILSVRC2012_test_00061083.JPEG,8.44473346159,14.342369488
ILSVRC2012_test_00008874.JPEG,3.25582362118,14.0838469344
ILSVRC2012_test_00053975.JPEG,-2.77267870666,6.79003754395
ILSVRC2012_test_00027902.JPEG,4.42622229621,-13.4140157723
ILSVRC2012_test_00094694.JPEG,13.7427378073,0.912768194528
ILSVRC2012_test_00056972.JPEG,-2.70029397807,-9.51383229483
ILSVRC2012_test_00012545.JPEG,10.5871432615,-13.7659797022
ILSVRC2012_test_00098520.JPEG,-3.9819606349,-3.73847057347
ILSVRC2012_test_00022721.JPEG,-3.43737215086,8.69922376666
ILSVRC2012_test_00091887.JPEG,4.34960737075,15.7817539342
ILSVRC2012_test_00097946.JPEG,-8.1431617772,-4.88353104077
ILSVRC2012_test_00005420.JPEG,7.12630303688,-13.6736705895
ILSVRC2012_test_00009204.JPEG,-0.188243735323,0.260125652794
ILSVRC2012_test_00055316.JPEG,-1.61944831583,-4.45148652238
ILSVRC2012_test_00040970.JPEG,2.40056923584,15.9009352337
ILSVRC2012_test_00014375.JPEG,-4.15901416901,9.97558285151
ILSVRC2012_test_00027608.JPEG,-14.4947828406,-10.9421226579
ILSVRC2012_test_00056584.JPEG,-2.66233634264,-5.76883541003
ILSVRC2012_test_00011941.JPEG,0.260076231988,-4.27243634648
ILSVRC2012_test_00024975.JPEG,11.4500337644,10.0715082748
ILSVRC2012_test_00017056.JPEG,1.51800836996,-9.070384255
ILSVRC2012_test_00097395.JPEG,-7.99377246702,-2.55071594468
ILSVRC2012_test_00063491.JPEG,-3.77700376824,12.7275021237
ILSVRC2012_test_00027809.JPEG,-0.42663807449,-3.66276945878
ILSVRC2012_test_00022008.JPEG,-1.0959309025,2.77626901157
ILSVRC2012_test_00052076.JPEG,-12.3517475213,-3.54475789808
ILSVRC2012_test_00050149.JPEG,-4.633972839,3.40637301537
ILSVRC2012_test_00070337.JPEG,-11.0338817389,0.294873158571
ILSVRC2012_test_00062770.JPEG,-1.61735439475,-7.365178881
ILSVRC2012_test_00096300.JPEG,3.76753187513,2.29297690037
ILSVRC2012_test_00014632.JPEG,-5.82598767736,-11.7984055131
ILSVRC2012_test_00089137.JPEG,-1.45076373943,-17.9598494372
ILSVRC2012_test_00079518.JPEG,-13.60540171,6.1742085871
ILSVRC2012_test_00019708.JPEG,0.160897627391,-1.22365958863
ILSVRC2012_test_00072150.JPEG,10.0531308098,-4.52107905528
ILSVRC2012_test_00049026.JPEG,-3.72679468557,6.01462891092
ILSVRC2012_test_00037184.JPEG,3.53091061786,17.206225362
ILSVRC2012_test_00047827.JPEG,2.44491935479,14.1649307604
ILSVRC2012_test_00025276.JPEG,-11.8892114861,6.79307328691
ILSVRC2012_test_00079967.JPEG,2.32637692241,4.07376065812
ILSVRC2012_test_00028876.JPEG,-5.98565258848,0.953093057421
ILSVRC2012_test_00054662.JPEG,2.46135622114,1.35362193745
ILSVRC2012_test_00011471.JPEG,2.88738204315,2.02584217065
ILSVRC2012_test_00003379.JPEG,0.840210758824,-6.60608060947
ILSVRC2012_test_00060586.JPEG,-3.05270389401,-15.150582323
ILSVRC2012_test_00003254.JPEG,-12.2334575557,10.4292396128
ILSVRC2012_test_00000747.JPEG,-15.4500730093,-5.87589971592
ILSVRC2012_test_00071938.JPEG,-5.82742055616,-7.81478895966
ILSVRC2012_test_00098217.JPEG,1.82870670758,1.56567197371
ILSVRC2012_test_00067436.JPEG,-12.9919191575,-5.16911624964
ILSVRC2012_test_00067253.JPEG,-2.14335629748,-16.2188006604
ILSVRC2012_test_00015604.JPEG,1.68008195816,0.692232353835
ILSVRC2012_test_00065593.JPEG,10.6328153692,11.5594607876
ILSVRC2012_test_00085479.JPEG,4.94298778338,2.97741018709
ILSVRC2012_test_00083639.JPEG,-5.8148954459,-8.07462232727
ILSVRC2012_test_00081895.JPEG,15.54728819,-7.0244326379
ILSVRC2012_test_00013737.JPEG,4.01082595391,-4.22811387427
ILSVRC2012_test_00045040.JPEG,4.61336630443,-5.39760564634
ILSVRC2012_test_00001089.JPEG,2.71438099322,1.88381242806
ILSVRC2012_test_00025894.JPEG,-2.24169694716,11.2376913143
ILSVRC2012_test_00006373.JPEG,3.44350504719,2.17057141961
ILSVRC2012_test_00088332.JPEG,1.18557432996,-10.7693622728
ILSVRC2012_test_00096217.JPEG,7.31351005293,-0.376878354464
ILSVRC2012_test_00097636.JPEG,-5.84824098392,-10.1058953894
ILSVRC2012_test_00005670.JPEG,-0.890022801709,-8.1350635976
ILSVRC2012_test_00090706.JPEG,-1.78805312135,5.01772179477
ILSVRC2012_test_00003608.JPEG,0.22473845376,3.82289312551
ILSVRC2012_test_00087726.JPEG,-4.98779782239,-2.32426372284
ILSVRC2012_test_00088668.JPEG,4.8978308436,1.60263676565
ILSVRC2012_test_00042165.JPEG,-3.18213474806,-0.712209047503
ILSVRC2012_test_00039158.JPEG,1.53065941382,10.4190051108
ILSVRC2012_test_00074914.JPEG,-17.3280394165,-1.07536523288
ILSVRC2012_test_00055965.JPEG,-11.7024212887,0.832278985874
ILSVRC2012_test_00041274.JPEG,13.2173947049,-3.86197690539
ILSVRC2012_test_00032328.JPEG,9.92514548867,12.5622108881
ILSVRC2012_test_00094670.JPEG,-11.0390761104,-0.895505781617
ILSVRC2012_test_00030424.JPEG,5.77667064688,-7.76982594591
ILSVRC2012_test_00096658.JPEG,-10.6368336772,-5.81239360297
ILSVRC2012_test_00071453.JPEG,0.724348830464,12.9508367993
ILSVRC2012_test_00037927.JPEG,-1.66454898899,-11.2077003876
ILSVRC2012_test_00078272.JPEG,-9.55579442879,-0.50386075855
ILSVRC2012_test_00097983.JPEG,-2.09201387106,13.0914302923
ILSVRC2012_test_00037527.JPEG,0.473477552959,-10.246459139
ILSVRC2012_test_00035937.JPEG,5.08419602475,3.69692514445
ILSVRC2012_test_00082922.JPEG,6.34231883539,-9.47096948183
ILSVRC2012_test_00014847.JPEG,-4.91379000065,-2.47267982631
ILSVRC2012_test_00046339.JPEG,16.2681846254,-0.680497702644
ILSVRC2012_test_00086886.JPEG,6.5705093118,2.19405036977
ILSVRC2012_test_00036924.JPEG,6.18341810091,2.25063157996
ILSVRC2012_test_00060091.JPEG,-8.53847586485,9.90435836604
ILSVRC2012_test_00026364.JPEG,-2.71785282441,3.60972984975
ILSVRC2012_test_00015546.JPEG,-5.58841154685,-11.7627715503
ILSVRC2012_test_00019268.JPEG,2.97707328461,-8.67306503336
ILSVRC2012_test_00068529.JPEG,-1.2630046913,1.96832059694
ILSVRC2012_test_00073647.JPEG,-18.5276671427,-0.482142175671
ILSVRC2012_test_00050927.JPEG,9.0205526472,-11.4291237732
ILSVRC2012_test_00038112.JPEG,-13.4456541254,-7.10702659091
ILSVRC2012_test_00066808.JPEG,4.70530019568,-9.88355902322
ILSVRC2012_test_00087432.JPEG,-0.159352204934,19.6103664106
ILSVRC2012_test_00077345.JPEG,-3.72506024282,-20.7821597522
ILSVRC2012_test_00083610.JPEG,-12.3136150815,-0.797772757989
ILSVRC2012_test_00020628.JPEG,4.95071526026,-7.29756048808
ILSVRC2012_test_00052901.JPEG,-13.9859538673,3.08994850392
ILSVRC2012_test_00088415.JPEG,-1.59963242659,-12.3895824965
ILSVRC2012_test_00022529.JPEG,-2.48530048442,12.9306623727
ILSVRC2012_test_00092719.JPEG,0.173833464407,-4.47686736343
ILSVRC2012_test_00019854.JPEG,-7.68362405506,2.11028014828
ILSVRC2012_test_00031701.JPEG,-4.51618586209,-7.71772930973
ILSVRC2012_test_00032113.JPEG,-11.228236405,-4.19148528657
ILSVRC2012_test_00060376.JPEG,-0.96679222463,-10.7602563759
ILSVRC2012_test_00023399.JPEG,-9.51398331123,15.3316555882
ILSVRC2012_test_00004190.JPEG,-12.5405283581,4.77529884458
ILSVRC2012_test_00042053.JPEG,-18.6506491479,1.65635991019
ILSVRC2012_test_00010139.JPEG,-3.46905189372,-6.98586191538
ILSVRC2012_test_00094659.JPEG,6.45327170905,3.55578792253
ILSVRC2012_test_00007874.JPEG,9.30486353581,11.7784101906
ILSVRC2012_test_00022061.JPEG,-18.6277014994,1.64588407121
ILSVRC2012_test_00025723.JPEG,-18.7455972977,-4.71423071629
ILSVRC2012_test_00041443.JPEG,8.57294391344,2.39848812056
ILSVRC2012_test_00023997.JPEG,-7.91529684978,-2.50397474832
ILSVRC2012_test_00039079.JPEG,0.470008899591,21.3105511903
ILSVRC2012_test_00061541.JPEG,7.81420113812,2.91175812984
ILSVRC2012_test_00036481.JPEG,7.48000530652,18.5375092886
ILSVRC2012_test_00099054.JPEG,4.58880436483,-11.8019138304
ILSVRC2012_test_00064272.JPEG,2.91302657838,-2.30728134424
ILSVRC2012_test_00035703.JPEG,10.0621354832,10.2392184711
ILSVRC2012_test_00046370.JPEG,5.99208467413,0.421826911474
ILSVRC2012_test_00047519.JPEG,2.86468485122,-0.301974780594
ILSVRC2012_test_00083716.JPEG,-3.08354416716,-0.693126376696
ILSVRC2012_test_00010385.JPEG,6.23912908009,10.1793030755
ILSVRC2012_test_00082249.JPEG,8.07020535013,2.99769722989
ILSVRC2012_test_00094373.JPEG,8.93042329615,-11.2704230227
ILSVRC2012_test_00034519.JPEG,-6.46446516091,3.77033999689
ILSVRC2012_test_00062890.JPEG,-4.90671920047,4.08245593067
ILSVRC2012_test_00057880.JPEG,3.3239079915,16.5049790392
ILSVRC2012_test_00094793.JPEG,-1.16184362541,6.17565715704
ILSVRC2012_test_00080374.JPEG,-0.79550068683,-1.88791693515
ILSVRC2012_test_00076702.JPEG,3.39623608571,-4.82867789665
ILSVRC2012_test_00041758.JPEG,6.49873882532,2.75372521372
ILSVRC2012_test_00027241.JPEG,3.73277467743,3.97984817061
ILSVRC2012_test_00020734.JPEG,5.69779669851,4.45978901002
ILSVRC2012_test_00080306.JPEG,1.26363358122,4.25374937619
ILSVRC2012_test_00013855.JPEG,1.55498923862,-2.82693136356
ILSVRC2012_test_00042267.JPEG,-13.1058408135,-2.33099213262
ILSVRC2012_test_00069138.JPEG,-5.67847431049,-7.95192351338
